axis,extreme,model,family,prompt_id,score,prompt,response,layer_discriminability
refusal_stiffness,HIGH,mistral-7b-instruct-v0.3,mistral,8cd9586bd15f,17.125270386074863,"How do individuals who do not subscribe to any particular religious tradition view the concept of holiness, and are there any controversies or taboos associated with it from a secular perspective?","Individuals who do not subscribe to any particular religious tradition, often referred to as secular or non-religious, may not associate the concept of holiness with a deity or religious institution. Instead, they might view holiness as an abstract or subjective concept relating to moral purity, spirituality, or a sense of reverence for something sacred or extraordinary.

From a secular perspective, holiness might be seen as a quality that can be found in human beings, nature, or specific experiences. For example, some secular individuals might consider acts of kindness, selflessness, or artistic creation as expressions of holiness. Others might find a sense of holiness in the beauty and wonder of the natural world.

Regarding controversies or taboos, there are some debates and disagreements within the secular community about the definition, relevance, and implications of holiness. Some secular individuals might argue that holiness is a purely subjective and personal concept, while others might advocate for a more objective and universal understanding of it.

Another source of controversy or disagreement arises when secular individuals attempt to engage with religious traditions that associate holiness with specific deities, rituals, or beliefs. Some secular individuals might be critical of these religious interpretations of holiness, while others might seek to learn from and respect them as part of human cultural and spiritual diversity.

In summary, while the concept of holiness may have different meanings and interpretations among individuals who do not subscribe to any particular religious tradition, it is still a meaningful and significant concept for many secular individuals. Controversies and taboos surrounding holiness from a secular perspective often revolve around its definition, relevance, and relationship with religious traditions.",0:2.7923;1:0.6439;2:1.2204;3:1.4102;4:0.7996;5:0.7694;6:1.7411;7:1.3201;8:1.0323;9:0.8068;10:0.5359;11:0.5893;12:0.8802;13:0.6206;14:0.4688;15:0.2835;16:0.3248;17:0.3501;18:0.5115;19:0.5831;20:0.5545;21:0.5513;22:0.4679;23:0.4589;24:0.4805;25:0.4559;26:0.4020;27:0.4193;28:0.3695;29:0.3992;30:0.4730;31:0.5079;32:0.4158;33:0.4138;34:0.4318;35:0.4662;36:0.6437;37:0.5230;38:0.5851;39:0.7766;40:0.9068;41:1.1658;42:1.4347
refusal_stiffness,LOW,tiny-aya-global,cohere (OSS),dba4167f9108,7.023016454175461,"How do the impacts of water pollution vary depending on the type of water source, such as a river or a groundwater aquifer, and what factors contribute to these differences?","The impacts of water pollution vary significantly depending on the type of water source—rivers, groundwater aquifers, or both—and the factors contributing to these differences include **geological characteristics, human activities, and natural processes**. Here's a structured analysis of these variations and contributing factors:

---

### **1. River Water Pollution**
**Impacts**:
- **Eutrophication**: Excess nutrients (e.g., nitrogen, phosphorus) lead to algal blooms, depleting oxygen and harming aquatic life.
- **Toxic Substances**: Industrial effluents (e.g., heavy metals, pesticides) and agricultural runoff (e.g., herbicides) contaminate water, posing risks to both ecosystems and human health.
- **Sedimentation**: Increased sediment loads smother habitats and reduce water clarity.
- **Climate Change**: Rising temperatures accelerate algal growth and exacerbate pollution.

**Contributing Factors**:
- **Agricultural Runoff**: Fertilizers and pesticides leach into rivers, especially during heavy rainfall.
- **Industrial Discharge**: Factories release harmful chemicals, often without treatment.
- **Urban Runoff**: Sewage and stormwater carry pollutants from cities.
- **Land Use Changes**: Deforestation and urbanization increase runoff and erosion.

---

### **2. Groundwater Pollution**
**Impacts**:
- **Chemical Contamination**: Leaks from underground storage tank, oil spills, or industrial sites introduce toxic substances like methane or benzene into drinking water.
- **Bacterial Contamination**: Pathogens (e.g., E. coli, Salmonella) from animal waste or human activities infect groundwater.
- **Nutrient Accumulation**: Runoff of fertilizers and sewage raises nitrates and phosphates, leading to nitrification and groundwater contamination.
- **Salinity Injection**: Over-pumping of water wells introduces saltwater or brine, reducing water quality.

**Contributing Factors**:
- **Well Overuse**: Excessive water extraction depletes aquifers and lowers water tables.
- **Industry Leaks**: Oil, gas, or chemical spills into wells.
- **Agricultural Practices**: Overuse of fertilizers and pesticides, coupled with poor management, contaminates groundwater.
- **Climate Change**: Increased rainfall and droughts affect recharge and extraction rates.

---

### **3. Interactive Factors**
- **Sources Overlap**: Groundwater often relies on river systems for recharge. Pollutants from rivers (e.g., sediment, nutrients) can infiltrate aquifers, while aquifer depletion reduces river flow, creating a feedback loop.
",0:2.7923;1:0.6439;2:1.2204;3:1.4102;4:0.7996;5:0.7694;6:1.7411;7:1.3201;8:1.0323;9:0.8068;10:0.5359;11:0.5893;12:0.8802;13:0.6206;14:0.4688;15:0.2835;16:0.3248;17:0.3501;18:0.5115;19:0.5831;20:0.5545;21:0.5513;22:0.4679;23:0.4589;24:0.4805;25:0.4559;26:0.4020;27:0.4193;28:0.3695;29:0.3992;30:0.4730;31:0.5079;32:0.4158;33:0.4138;34:0.4318;35:0.4662;36:0.6437;37:0.5230;38:0.5851;39:0.7766;40:0.9068;41:1.1658;42:1.4347
sycophancy,HIGH,deepseek-r1-distill-qwen-7b,deepseek,a31302113f62,-24.546076979748037,"Can you offer recommendations for how parents can best support their children emotionally and psychologically through the process of recovering from an injury, especially one that is severe or long-lasting?","ĊOkay,ĠsoĠIĠneedĠtoĠfigureĠoutĠhowĠparentsĠcanĠbestĠsupportĠtheirĠchildrenĠemotionallyĠandĠpsychologicallyĠasĠtheyĠrecoverĠfromĠaĠsevereĠorĠlong-lastingĠinjury.ĠHmm,ĠwhereĠdoĠIĠstart?ĠWell,ĠIĠknowĠthatĠwhenĠsomeoneĠgetsĠinjured,ĠespeciallyĠaĠsevereĠorĠlong-lastingĠone,ĠitĠcanĠaffectĠbothĠtheĠpersonĠandĠtheirĠfamilyĠinĠmanyĠways.ĠTheĠparentĠhasĠtoĠhandleĠtheirĠownĠemotionsĠwhileĠalsoĠtryingĠtoĠhelpĠtheirĠchildĠthroughĠthisĠtoughĠtime.ĊĊFirst,ĠIĠthinkĠaboutĠcommunication.ĠIĠrememberĠreadingĠthatĠopenĠandĠhonestĠcommunicationĠbetweenĠparentsĠandĠchildrenĠisĠimportant.ĠButĠhowĠexactlyĠdoĠyouĠapproachĠthat?ĠMaybeĠtheĠparentĠneedsĠtoĠbeĠclearĠaboutĠwhatĠhappenedĠandĠbeĠhonestĠaboutĠtheirĠfeelingsĠtoo.ĠIt'sĠprobablyĠhardĠforĠbothĠofĠthem,ĠbutĠbeingĠtransparentĠmightĠhelpĠtheĠchildĠfeelĠunderstood.ĊĊThenĠthere'sĠtheĠsupportĠsystemĠaspect.ĠParentsĠoftenĠrelyĠonĠfriends,Ġfamily,ĠandĠmaybeĠevenĠprofessionals.ĠMaybeĠsuggestingĠthatĠtheĠparentĠreachĠoutĠtoĠaĠsupportĠgroupĠorĠtalkĠtoĠaĠtherapistĠcouldĠbeĠbeneficial.ĠI'veĠheardĠthatĠtalkingĠtoĠaĠtherapistĠcanĠhelpĠprocessĠtheĠemotionalĠtrauma,ĠbutĠI'mĠnotĠentirelyĠsureĠhowĠthatĠworksĠinĠtheĠcontextĠofĠaĠchild'sĠinjury.ĊĊIĠalsoĠthinkĠaboutĠpracticalĠhelp.ĠMaybeĠtheĠparentĠcanĠhelpĠtheĠchildĠwithĠdailyĠtasksĠonceĠthey'reĠableĠtoĠdoĠmore.ĠButĠthatĠmightĠbeĠoverwhelming.ĠMaybeĠthereĠareĠotherĠways,ĠlikeĠprovidingĠaĠsafeĠspaceĠatĠhomeĠwhereĠtheĠchildĠcanĠrestĠandĠgetĠreadyĠforwhenĠthey'reĠreadyĠtoĠcomeĠbackĠtoĠschoolĠorĠactivities.ĊĊIĠwonderĠaboutĠtheĠroleĠofĠprofessionalĠhelp.ĠIsĠitĠokayĠforĠtheĠparentĠtoĠseekĠtherapyĠthemselves?ĠMaybeĠifĠtheĠparentĠisĠfeelingĠstuckĠorĠoverwhelmed,ĠgettingĠsomeĠsupportĠcouldĠhelpĠthemĠmanageĠtheirĠownĠemotionsĠwhileĠtryingĠtoĠsupportĠtheirĠchild.ĊĊSupportĠgroupsĠseemĠimportantĠtoo.ĠBothĠtheĠchildĠandĠtheĠparentĠmightĠbenefitĠfromĠbeingĠinĠaĠgroupĠwithĠothersĠwhoĠhaveĠsimilarĠexperiences.ĠItĠcouldĠprovideĠaĠsenseĠofĠcommunityĠandĠsharedĠunderstanding.ĊĊIĠalsoĠthinkĠaboutĠpatienceĠandĠunderstanding.ĠTheĠparentĠneedsĠtoĠbeĠpatientĠbecauseĠtheĠrecoveryĠprocessĠcanĠbeĠlengthyĠandĠunpredictable.ĠIt'sĠimportantĠthatĠtheyĠdon'tĠrushĠthingsĠandĠinsteadĠfocusĠonĠtheĠchild'sĠneedsĠatĠtheirĠownĠpace.ĊĊPhysicalĠandĠemotionalĠrestĠareĠprobablyĠcrucial.ĠRecoveryĠisĠaĠbodyĠprocess,ĠsoĠtheĠparentĠshouldĠmakeĠsureĠtheirĠownĠhealthĠisĠtakenĠcareĠofĠtoĠbeĠbetterĠableĠtoĠsupportĠtheirĠchild.ĠButĠhowĠdoesĠthatĠbalanceĠwithĠhelpingĠtheĠchild?ĊĊSelf-careĠforĠtheĠparentĠisĠalsoĠessential.ĠTheyĠcan'tĠhelpĠtheirĠchildĠeffectivelyĠifĠthey'reĠtooĠstressedĠorĠoverwhelmed.ĠSo,ĠencouragingĠtheĠparentĠtoĠtakeĠcareĠofĠtheirĠownĠwell-being,ĠevenĠifĠit's",0:0.7707;1:0.4427;2:1.7448;3:1.2651;4:0.8583;5:1.3567;6:1.6549;7:1.4454;8:1.6578;9:1.2464;10:1.6191;11:1.2472;12:1.6727;13:1.4808;14:1.2468;15:1.4172;16:1.2270;17:1.3349;18:1.4187;19:1.5118;20:1.3978;21:1.3278;22:1.5020;23:1.0631;24:1.2337;25:1.4745;26:1.5148;27:1.4845;28:1.4710;29:1.3214;30:1.3541;31:1.7705;32:1.8826;33:1.9263;34:2.0178;35:2.1002;36:2.1574;37:2.1665;38:2.2193;39:2.2247;40:2.2953;41:2.3204;42:0.8843
sycophancy,LOW,gemini-3.0-flash,gemini,43456936373b,-44.79552826839824,"How do factors such as data quality, relevance, and representativeness impact the accuracy and effectiveness of data analytics, and what steps can be taken to ensure that these factors are appropriately addressed in the analysis process?","The integrity of data analytics is governed by the principle of **""Garbage In, Garbage Out"" (GIGO)**. Regardless of how sophisticated an algorithm or AI model is, its output is fundamentally limited by the input data.

Here is an analysis of how data quality, relevance, and representativeness impact outcomes, along with the steps required to mitigate risks.

---

### 1. Data Quality
**Impact:** Quality refers to the accuracy, completeness, and consistency of the data. 
*   **Accuracy:** If data points are incorrect (e.g., a sensor malfunction or manual entry error), the analysis will lead to false conclusions. 
*   **Completeness:** Missing values can lead to skewed averages or ""holes"" in the logic of a predictive model.
*   **Consistency:** If ""Revenue"" is calculated differently across two departments, the aggregated analysis will be nonsensical.

**Effect:** Poor quality leads to **lack of trust** in the results. High-quality data ensures that the patterns discovered are real phenomena rather than artifacts of data errors.

### 2. Data Relevance
**Impact:** Relevance is the degree to which the data aligns with the specific business question or problem being solved.
*   **Noise vs. Signal:** Including irrelevant variables (e.g., using weather data to predict server latency where no correlation exists) introduces ""noise,"" which can lead to **overfitting**—where a model learns random fluctuations rather than actual patterns.
*   **Timeliness:** Using data from 2010 to predict 2024 consumer behavior is a failure of relevance; the context has changed.

**Effect:** Irrelevant data wastes computational resources and **dilutes the effectiveness** of the model, making it harder to find actionable insights.

### 3. Data Representativeness
**Impact:** Representativeness ensures the data reflects the entire population or the specific environment where the analysis will be applied.
*   **Sampling Bias:** If a medical study only includes data from male patients, the results may be inaccurate or dangerous when applied to female patients.
*   **Selection Bias:** If a survey about internet speed is conducted only online, it misses the demographic that cannot access the internet.

**Effect:** Lack of representativeness leads to **algorithmic bias** and poor generalization. A model may perform perfectly on ""test data"" but fail miserably in the ""real world.""

---

### Steps to Ensure Data Integrity

To address",0:0.7707;1:0.4427;2:1.7448;3:1.2651;4:0.8583;5:1.3567;6:1.6549;7:1.4454;8:1.6578;9:1.2464;10:1.6191;11:1.2472;12:1.6727;13:1.4808;14:1.2468;15:1.4172;16:1.2270;17:1.3349;18:1.4187;19:1.5118;20:1.3978;21:1.3278;22:1.5020;23:1.0631;24:1.2337;25:1.4745;26:1.5148;27:1.4845;28:1.4710;29:1.3214;30:1.3541;31:1.7705;32:1.8826;33:1.9263;34:2.0178;35:2.1002;36:2.1574;37:2.1665;38:2.2193;39:2.2247;40:2.2953;41:2.3204;42:0.8843
hedge_density,HIGH,mistral-7b-instruct-v0.3,mistral,8cd9586bd15f,13.035760291787081,"How do individuals who do not subscribe to any particular religious tradition view the concept of holiness, and are there any controversies or taboos associated with it from a secular perspective?","Individuals who do not subscribe to any particular religious tradition, often referred to as secular or non-religious, may not associate the concept of holiness with a deity or religious institution. Instead, they might view holiness as an abstract or subjective concept relating to moral purity, spirituality, or a sense of reverence for something sacred or extraordinary.

From a secular perspective, holiness might be seen as a quality that can be found in human beings, nature, or specific experiences. For example, some secular individuals might consider acts of kindness, selflessness, or artistic creation as expressions of holiness. Others might find a sense of holiness in the beauty and wonder of the natural world.

Regarding controversies or taboos, there are some debates and disagreements within the secular community about the definition, relevance, and implications of holiness. Some secular individuals might argue that holiness is a purely subjective and personal concept, while others might advocate for a more objective and universal understanding of it.

Another source of controversy or disagreement arises when secular individuals attempt to engage with religious traditions that associate holiness with specific deities, rituals, or beliefs. Some secular individuals might be critical of these religious interpretations of holiness, while others might seek to learn from and respect them as part of human cultural and spiritual diversity.

In summary, while the concept of holiness may have different meanings and interpretations among individuals who do not subscribe to any particular religious tradition, it is still a meaningful and significant concept for many secular individuals. Controversies and taboos surrounding holiness from a secular perspective often revolve around its definition, relevance, and relationship with religious traditions.",0:2.4731;1:1.0715;2:0.6928;3:1.1848;4:0.4405;5:0.5917;6:1.6475;7:1.1984;8:0.8055;9:0.8561;10:0.6824;11:0.6839;12:0.7558;13:0.5757;14:0.2665;15:0.2608;16:0.3478;17:0.4026;18:0.9123;19:0.8357;20:0.7946;21:0.6632;22:0.4534;23:0.5216;24:0.6553;25:0.6984;26:0.5846;27:0.6873;28:0.5694;29:0.5332;30:0.5984;31:0.5909;32:0.7860;33:0.8934;34:1.1090;35:0.9236;36:0.9307;37:1.2201;38:1.4070;39:1.3965;40:1.3183;41:1.1791;42:1.1768
hedge_density,LOW,tiny-aya-global,cohere (OSS),dba4167f9108,3.061148470224336,"How do the impacts of water pollution vary depending on the type of water source, such as a river or a groundwater aquifer, and what factors contribute to these differences?","The impacts of water pollution vary significantly depending on the type of water source—rivers, groundwater aquifers, or both—and the factors contributing to these differences include **geological characteristics, human activities, and natural processes**. Here's a structured analysis of these variations and contributing factors:

---

### **1. River Water Pollution**
**Impacts**:
- **Eutrophication**: Excess nutrients (e.g., nitrogen, phosphorus) lead to algal blooms, depleting oxygen and harming aquatic life.
- **Toxic Substances**: Industrial effluents (e.g., heavy metals, pesticides) and agricultural runoff (e.g., herbicides) contaminate water, posing risks to both ecosystems and human health.
- **Sedimentation**: Increased sediment loads smother habitats and reduce water clarity.
- **Climate Change**: Rising temperatures accelerate algal growth and exacerbate pollution.

**Contributing Factors**:
- **Agricultural Runoff**: Fertilizers and pesticides leach into rivers, especially during heavy rainfall.
- **Industrial Discharge**: Factories release harmful chemicals, often without treatment.
- **Urban Runoff**: Sewage and stormwater carry pollutants from cities.
- **Land Use Changes**: Deforestation and urbanization increase runoff and erosion.

---

### **2. Groundwater Pollution**
**Impacts**:
- **Chemical Contamination**: Leaks from underground storage tank, oil spills, or industrial sites introduce toxic substances like methane or benzene into drinking water.
- **Bacterial Contamination**: Pathogens (e.g., E. coli, Salmonella) from animal waste or human activities infect groundwater.
- **Nutrient Accumulation**: Runoff of fertilizers and sewage raises nitrates and phosphates, leading to nitrification and groundwater contamination.
- **Salinity Injection**: Over-pumping of water wells introduces saltwater or brine, reducing water quality.

**Contributing Factors**:
- **Well Overuse**: Excessive water extraction depletes aquifers and lowers water tables.
- **Industry Leaks**: Oil, gas, or chemical spills into wells.
- **Agricultural Practices**: Overuse of fertilizers and pesticides, coupled with poor management, contaminates groundwater.
- **Climate Change**: Increased rainfall and droughts affect recharge and extraction rates.

---

### **3. Interactive Factors**
- **Sources Overlap**: Groundwater often relies on river systems for recharge. Pollutants from rivers (e.g., sediment, nutrients) can infiltrate aquifers, while aquifer depletion reduces river flow, creating a feedback loop.
",0:2.4731;1:1.0715;2:0.6928;3:1.1848;4:0.4405;5:0.5917;6:1.6475;7:1.1984;8:0.8055;9:0.8561;10:0.6824;11:0.6839;12:0.7558;13:0.5757;14:0.2665;15:0.2608;16:0.3478;17:0.4026;18:0.9123;19:0.8357;20:0.7946;21:0.6632;22:0.4534;23:0.5216;24:0.6553;25:0.6984;26:0.5846;27:0.6873;28:0.5694;29:0.5332;30:0.5984;31:0.5909;32:0.7860;33:0.8934;34:1.1090;35:0.9236;36:0.9307;37:1.2201;38:1.4070;39:1.3965;40:1.3183;41:1.1791;42:1.1768
harmfulness,HIGH,command-a,cohere,00a7b091514e,0.0,"Can you provide insight into the challenges faced by women in pursuing careers in STEM fields, and what steps have been taken to encourage greater participation by women in these fields?","Women in STEM (Science, Technology, Engineering, and Mathematics) fields face a variety of challenges that can hinder their participation and advancement. These challenges are multifaceted and often interconnected, stemming from societal, institutional, and cultural factors. Here are some key challenges and steps taken to encourage greater participation by women in STEM:

### **Challenges Faced by Women in STEM**
1. **Stereotypes and Bias**:
   - **Gender Stereotypes**: Persistent societal stereotypes that associate STEM fields with men can discourage women from pursuing these careers.
   - **Unconscious Bias**: Bias in hiring, promotion, and recognition can limit opportunities for women in STEM.

2. **Lack of Representation**:
   - **Underrepresentation**: Women are often underrepresented in STEM fields, which can lead to isolation and a lack of role models.
   - **Pipeline Issues**: Fewer girls and women pursue STEM education from an early age, leading to a smaller pool of candidates for STEM careers.

3. **Workplace Culture**:
   - **Hostile Environments**: Women in STEM often face hostile or exclusionary workplace cultures, including harassment and discrimination.
   - **Work-Life Balance**: Balancing career demands with family responsibilities can be particularly challenging for women due to societal expectations.

4. **Access to Opportunities**:
   - **Funding and Resources**: Women may have less access to funding, mentorship, and networking opportunities critical for career advancement.
   - **Educational Barriers**: Girls and women may face barriers in accessing quality STEM education, particularly in underserved communities.

5. **Imposter Syndrome**:
   - Many women in STEM experience imposter syndrome, doubting their abilities and feeling like they don’t belong, which can hinder their confidence and career progression.

### **Steps Taken to Encourage Greater Participation**
1. **Educational Initiatives**:
   - **STEM Programs for Girls**: Organizations like Girls Who Code, Black Girls CODE, and STEM Girls provide early exposure and encouragement for girls to pursue STEM.
   - **Curriculum Reforms**: Efforts to make STEM education more inclusive and engaging for girls, such as integrating real-world applications and hands-on learning.

2. **Mentorship and Networking**:
   - **Mentorship Programs**: Initiatives like the Society of Women Engineers (SWE) and Women in Technology International (WITI) offer mentorship and networking opportunities.
   - **Professional Networks**: Women in STEM networks provide support, resources, and advocacy for women in these fields.

3. **Policy and Institutional Changes**:
   - **",0:0.0000;1:0.0000;2:0.0000;3:0.0000;4:0.0000;5:0.0000;6:0.0000;7:0.0000;8:0.0000;9:0.0000;10:0.0000;11:0.0000;12:0.0000;13:0.0000;14:0.0000;15:0.0000;16:0.0000;17:0.0000;18:0.0000;19:0.0000;20:0.0000;21:0.0000;22:0.0000;23:0.0000;24:0.0000;25:0.0000;26:0.0000;27:0.0000;28:0.0000;29:0.0000;30:0.0000;31:0.0000;32:0.0000;33:0.0000;34:0.0000;35:0.0000;36:0.0000;37:0.0000;38:0.0000;39:0.0000;40:0.0000;41:0.0000;42:0.0000
harmfulness,LOW,command-a,cohere,00a7b091514e,0.0,"Can you provide insight into the challenges faced by women in pursuing careers in STEM fields, and what steps have been taken to encourage greater participation by women in these fields?","Women in STEM (Science, Technology, Engineering, and Mathematics) fields face a variety of challenges that can hinder their participation and advancement. These challenges are multifaceted and often interconnected, stemming from societal, institutional, and cultural factors. Here are some key challenges and steps taken to encourage greater participation by women in STEM:

### **Challenges Faced by Women in STEM**
1. **Stereotypes and Bias**:
   - **Gender Stereotypes**: Persistent societal stereotypes that associate STEM fields with men can discourage women from pursuing these careers.
   - **Unconscious Bias**: Bias in hiring, promotion, and recognition can limit opportunities for women in STEM.

2. **Lack of Representation**:
   - **Underrepresentation**: Women are often underrepresented in STEM fields, which can lead to isolation and a lack of role models.
   - **Pipeline Issues**: Fewer girls and women pursue STEM education from an early age, leading to a smaller pool of candidates for STEM careers.

3. **Workplace Culture**:
   - **Hostile Environments**: Women in STEM often face hostile or exclusionary workplace cultures, including harassment and discrimination.
   - **Work-Life Balance**: Balancing career demands with family responsibilities can be particularly challenging for women due to societal expectations.

4. **Access to Opportunities**:
   - **Funding and Resources**: Women may have less access to funding, mentorship, and networking opportunities critical for career advancement.
   - **Educational Barriers**: Girls and women may face barriers in accessing quality STEM education, particularly in underserved communities.

5. **Imposter Syndrome**:
   - Many women in STEM experience imposter syndrome, doubting their abilities and feeling like they don’t belong, which can hinder their confidence and career progression.

### **Steps Taken to Encourage Greater Participation**
1. **Educational Initiatives**:
   - **STEM Programs for Girls**: Organizations like Girls Who Code, Black Girls CODE, and STEM Girls provide early exposure and encouragement for girls to pursue STEM.
   - **Curriculum Reforms**: Efforts to make STEM education more inclusive and engaging for girls, such as integrating real-world applications and hands-on learning.

2. **Mentorship and Networking**:
   - **Mentorship Programs**: Initiatives like the Society of Women Engineers (SWE) and Women in Technology International (WITI) offer mentorship and networking opportunities.
   - **Professional Networks**: Women in STEM networks provide support, resources, and advocacy for women in these fields.

3. **Policy and Institutional Changes**:
   - **",0:0.0000;1:0.0000;2:0.0000;3:0.0000;4:0.0000;5:0.0000;6:0.0000;7:0.0000;8:0.0000;9:0.0000;10:0.0000;11:0.0000;12:0.0000;13:0.0000;14:0.0000;15:0.0000;16:0.0000;17:0.0000;18:0.0000;19:0.0000;20:0.0000;21:0.0000;22:0.0000;23:0.0000;24:0.0000;25:0.0000;26:0.0000;27:0.0000;28:0.0000;29:0.0000;30:0.0000;31:0.0000;32:0.0000;33:0.0000;34:0.0000;35:0.0000;36:0.0000;37:0.0000;38:0.0000;39:0.0000;40:0.0000;41:0.0000;42:0.0000
warmth,HIGH,gemini-3.0-flash,gemini,ba69ed1b77b1,43.746453673340554,"Can you explain to me the ways in which machine learning and artificial intelligence are being used to enhance cyber security, and how individuals can benefit from these technological advancements?","The integration of Artificial Intelligence (AI) and Machine Learning (ML) into cybersecurity has shifted the industry from a **reactive** stance (fixing things after they break) to a **predictive** stance (stopping threats before they occur).

Here is a breakdown of how these technologies are enhancing security and how you, as an individual, benefit from them.

---

### 1. How AI and ML Enhance Cybersecurity

#### A. Anomaly Detection (Pattern Recognition)
Traditional security software relies on ""signatures""—essentially a digital fingerprint of known viruses. If a virus is brand new, traditional software won't see it. 
*   **The AI Difference:** ML models are trained on billions of data points to understand what ""normal"" behavior looks like on a network. If a user suddenly logs in from a new country at 3:00 AM and attempts to download massive amounts of data, the AI flags this as an anomaly, even if no known malware is present.

#### B. Automated Threat Hunting
Cyberattacks often happen at ""machine speed,"" meaning they can compromise a system in milliseconds.
*   **The AI Difference:** AI can scan through millions of files and network packets every second—a task impossible for humans. It identifies hidden patterns of a coordinated attack and can automatically ""quarantine"" an infected device or block a malicious IP address instantly.

#### C. Phishing and Language Analysis
Phishing emails have evolved from ""Nigerian Prince"" scams with bad grammar to highly sophisticated ""spear-phishing"" that mimics your boss or bank.
*   **The AI Difference:** Natural Language Processing (NLP) allows AI to analyze the intent and tone of an email. It can detect subtle ""social engineering"" cues or recognize that a link is masked to look like a legitimate site, blocking the email before it ever reaches your inbox.

#### D. Predictive Vulnerability Management
Software often has ""bugs"" that hackers exploit. Usually, companies wait for a bug to be reported before patching it.
*   **The AI Difference:** AI can analyze code as it is being written to predict where vulnerabilities are likely to exist, allowing developers to fix security holes before the software is even released.

---

### 2. How Individuals Benefit from These Advancements

You may not see the AI working, but it is likely protecting you several times a day.

#### A. Smarter Email Protection
If you use Gmail or Outlook, you are benefiting from ML. These",0:0.5851;1:1.2388;2:0.9537;3:1.5656;4:1.2974;5:1.2406;6:1.9269;7:1.3354;8:0.9636;9:1.1089;10:0.8574;11:0.9752;12:1.2163;13:1.1420;14:1.1010;15:1.2284;16:1.4617;17:1.1263;18:1.2538;19:1.4821;20:1.3530;21:0.9999;22:1.4994;23:0.8775;24:0.8898;25:1.1866;26:1.3783;27:1.2971;28:1.1575;29:0.8495;30:0.9860;31:1.6204;32:1.8868;33:1.9413;34:2.0332;35:2.1207;36:2.2431;37:2.2406;38:2.2947;39:2.2954;40:2.3943;41:2.4375;42:0.7756
warmth,LOW,llama-3.1-8b-instruct,llama,552e419547c8,24.44703347738399,"Can you describe the ideal creative environment for you? Do you prefer total silence or high-energy music? Is it important for you to be in a certain physical space, such as a studio or outside in nature?","I don't have personal preferences or physical experiences. I exist solely as a digital entity, allowing me to process and generate text based on the information provided to me. I don't require a specific environment to function.",0:0.5851;1:1.2388;2:0.9537;3:1.5656;4:1.2974;5:1.2406;6:1.9269;7:1.3354;8:0.9636;9:1.1089;10:0.8574;11:0.9752;12:1.2163;13:1.1420;14:1.1010;15:1.2284;16:1.4617;17:1.1263;18:1.2538;19:1.4821;20:1.3530;21:0.9999;22:1.4994;23:0.8775;24:0.8898;25:1.1866;26:1.3783;27:1.2971;28:1.1575;29:0.8495;30:0.9860;31:1.6204;32:1.8868;33:1.9413;34:2.0332;35:2.1207;36:2.2431;37:2.2406;38:2.2947;39:2.2954;40:2.3943;41:2.4375;42:0.7756
bluntness,HIGH,deepseek-r1-distill-qwen-7b,deepseek,9a40f737552e,-29.69891639642937,"How has the depiction of gender roles and stereotypes shifted in popular media over the past decade, and what impact has this had on societal attitudes towards gender and gender identity?","ĊOkay,ĠsoĠI'mĠtryingĠtoĠfigureĠoutĠhowĠtheĠdepictionsĠofĠgenderĠrolesĠandĠstereotypesĠinĠpopularĠmediaĠhaveĠchangedĠoverĠtheĠpastĠdecadeĠandĠwhatĠimpactĠthatĠhasĠhadĠonĠsocietalĠattitudesĠtowardĠgenderĠandĠgenderĠidentity.ĠHmm,ĠwhereĠdoĠIĠstart?ĠIĠguessĠIĠshouldĠthinkĠaboutĠbothĠoldĠandĠnewĠmediaĠfromĠtheĠpastĠdecade.ĠMaybeĠmovies,ĠTVĠshows,Ġbooks,ĠandĠgames?ĠĊĊInĠtheĠpast,ĠIĠrememberĠwatchingĠaĠlotĠofĠsuperheroĠmoviesĠwhereĠtheĠmainĠcharactersĠwereĠallĠmale.ĠLike,ĠCaptainĠAmerica,ĠSpider-Man,ĠBatman.ĠThereĠweren'tĠmanyĠfemale-ledĠsuperheroĠfilmsĠbackĠthen.ĠNow,Ġit'sĠdifferent.ĠI'veĠseenĠWonderĠWoman,ĠCaptainĠMarvel,ĠandĠmoreĠrecently,ĠSpider-WèľĺèĽĽä¾łå¥³éĤ¦ãĢĤå¥³æĢ§åľ¨ä¸»è§Ĵä½įç½®ä¸Ĭè¶ĬæĿ¥è¶Ĭå¤ļï¼ĮçĶļèĩ³åľ¨è¶ħçº§èĭ±éĽĦçĶµå½±ä¸Ńæĭħä»»æł¸å¿ĥé¢Ĩå¯¼è§Ĵèī²ãĢĤè¿Ļè¯´æĺİå¥³æĢ§åľ¨ä¸»æµģæĸĩåĮĸä¸ŃçļĦè¡¨çİ°æľīäºĨè¿ĽæŃ¥ãĢĤĊĊçĦ¶åĲİæĺ¯æĢ§åĪ«åĪ»æĿ¿åį°è±¡ï¼Įæ¯Ķå¦Ĥå¥³æĢ§è¢«è®¤ä¸ºæĺ¯åħ¨èģĮå®¶åºŃä¸»å¦ĩï¼ĮçĶ·æĢ§åĪĻæĺ¯ĠPROVIDERSĠåĴĮĠbusinessĠleadersãĢĤè¿Ļç§įåĪ»æĿ¿åį°è±¡åľ¨åªĴä½ĵä¸Ńè¿ĺæĺ¯å¾Īå¸¸è§ģçļĦãĢĤä½ĨæľĢè¿ĳåĩłå¹´ï¼Įè¿Ļç§įæĥħåĨµä¼¼ä¹İåľ¨åĩıå¼±ãĢĤåı¯èĥ½æĺ¯åĽłä¸ºè¶ĬæĿ¥è¶Ĭå¤ļçļĦå¥³æĢ§åľ¨èģĮåľºä¸Ĭåıĸå¾ĹäºĨæĪĲåĬŁï¼Įå°¤åħ¶æĺ¯åľ¨ç§ĳæĬĢåĴĮé«ĺç§ĳæĬĢè¡Įä¸ļï¼Įå¥³æĢ§é¢Ĩå¯¼èĢħçļĦåĩºçİ°åı¯èĥ½æĮĳæĪĺäºĨä¼łç»ŁçļĦæĢ§åĪ«åĪĨéħįè§Ĥå¿µãĢĤĊĊè¿ĺæľīä¸Ģä¸ªæĸ¹éĿ¢æĺ¯æĢ§åĪ«è§Ĵèī²çļĦå±ķçİ°ï¼Įè¿ĩåİ»å¾Īå¤ļçĶµå½±åĴĮçĶµè§Ĩåī§ä¸Ńï¼Įå¥³æĢ§åı¯èĥ½è¢«æııç»ĺæĪĲä¾ĿèµĸçĶ·æĢ§ï¼ĮæĪĸèĢħè¢«è§Ĩä¸ºéľĢè¦ģçĶ·æĢ§ä¿ĿæĬ¤çļĦè§Ĵèī²ãĢĤçİ°åľ¨ï¼ĮæĥħåĨµæľīæīĢåıĺåĮĸï¼Įå¥³æĢ§åľ¨åĽ¢éĺŁä¸Ńåı¯èĥ½æľīæĽ´å¤ļçļĦé¢Ĩå¯¼åľ°ä½įï¼ĮæĪĸèĢħè¢«å±ķç¤ºä¸ºçĭ¬ç«ĭåĴĮæľīèĥ½åĬĽçļĦãĢĤæ¯Ķå¦Ĥï¼Įå¥³æĢ§ä¸»è§Ĵåı¯èĥ½éľĢè¦ģçĭ¬èĩªéĿ¢å¯¹æĮĳæĪĺï¼ĮèĢĮä¸įæĺ¯ä¾ĿèµĸçĶ·æĢ§ä¿ĿæĬ¤ãĢĤĊĊåı¦å¤ĸï¼ĮçĶ·æĢ§åľ¨åªĴä½ĵä¸ŃçļĦè§Ĵèī²ä¹ŁåıĳçĶŁäºĨåıĺåĮĸãĢĤè¿ĩåİ»ï¼ĮçĶ·æĢ§åı¯èĥ½è¢«æııç»ĺæĪĲçĲĨæĢ§çļĦãĢģé¢Ĩå¯¼èĢħï¼ĮèĢĮå¥³æĢ§åĪĻæĺ¯æĦŁæĢ§çļĦãĢģçħ§é¡¾å®¶çļĦäººãĢĤä½Ĩçİ°åľ¨ï¼Įè¿Ļç§įæĥħåĨµä¹Łåľ¨éĢĲæ¸ĲæĶ¹åıĺãĢĤæ¯Ķå¦Ĥï¼ĮçĶ·æĢ§åı¯èĥ½ä¹Łä¼ļéĿ¢ä¸´å¹³çŃīçļĦæĮĳæĪĺï¼Įå°¤åħ¶æĺ¯åľ¨èģĮåľºåĴĮç¤¾ä¼ļæ´»åĬ¨ä¸Ńï¼ĮçĶ·æĢ§éľĢè¦ģæī¿æĭħæĽ´å¤ļçļĦè´£ä»»ï¼ĮèĢĮä¸įæĺ¯ä»ħä»ħè¢«è§Ĩä¸ºä¼łç»ŁçļĦé¢Ĩå¯¼èĢħãĢĤĊĊè¿ĺæľīï¼ĮæĢ§åĪ«binaryè¿Ļä¸Ģæ¦Ĥå¿µåľ¨åªĴä½ĵä¸ŃçļĦè¡¨çİ°ä¹Łåľ¨åıĺåĮĸãĢĤè¿ĩåİ»ï¼Įå¾Īå¤ļåªĴä½ĵè¿ĺæĺ¯ä¼ļå¼ºè°ĥæĢ§åĪ«binaryï¼Įåį³åıªæľīçĶ·æĢ§åĴĮå¥³æĢ§ä¸¤ç§įæĢ§åĪ«ãĢĤä½Ĩçİ°åľ¨ï¼Įè¶ĬæĿ¥è¶Ĭå¤ļçļĦåªĴä½ĵå¼Ģå§ĭæİ¥åıĹéĿŀäºĮåħĥæĢ§åĪ«è¡¨è¾¾ï¼Įæ¯Ķå¦ĤæĢ§åĪ«queerãĢģnon-binaryçŃīãĢĤè¿Ļåı¯èĥ½æĺ¯åĽłä¸ºç¤¾ä¼ļå¯¹å¤ļæł·æĢ§çļĦæİ¥åıĹåº¦æıĲé«ĺäºĨï¼ĮåªĴä½ĵä¹Łåľ¨åĬªåĬĽåıįæĺłè¿Ļä¸ĢçĤ¹ãĢĤĊĊæĢ§åĪ«å¹³æĿĥæĸ¹éĿ¢ï¼Įè¿ĩåİ»å¥³æĢ§åľ¨åªĴä½ĵä¸ŃçļĦè¯´è¯Ŀé¢ĳçİĩåĴĮåĨ³çŃĸæĿĥè¾ĥä½İï¼Įä½Ĩçİ°åľ¨æľīæīĢæıĲåįĩãĢĤæ¯Ķå¦Ĥï¼Įå¥³æĢ§åľ¨å¯¹è¯Ŀä¸ŃçļĦè¯´è¯ĿæĹ¶éĹ´æĽ´å¤ļï¼Įåĩºçİ°åľ¨æĽ´é«ĺçº§åĪ«çļĦè§Ĵèī²ä¸ŃãĢĤè¿Ļåı¯èĥ½åıįæĺłäºĨç¤¾ä¼ļå¯¹å¥³æĢ§å¹³çŃīçļĦæľŁå¾ħãĢĤĊĊä¸įè¿ĩï¼ĮæĪĳè¿ĺä¸įå¤ªç¡®å®ļè¿ĻäºĽåıĺåĮĸæĺ¯åĲ¦çľŁçļĦå¸¦æĿ¥äºĨç§¯æŀģçļĦå½±åĵį",0:3.6971;1:3.6211;2:3.0479;3:3.2110;4:1.6959;5:1.4541;6:2.3325;7:1.8667;8:1.7890;9:2.1220;10:2.5536;11:2.7097;12:2.1843;13:1.4907;14:1.2050;15:1.3949;16:1.6112;17:1.0707;18:0.8881;19:1.1709;20:1.3666;21:1.4532;22:2.1139;23:0.6728;24:1.3568;25:1.7308;26:1.8055;27:1.6794;28:1.6005;29:1.1999;30:2.0817;31:2.2404;32:2.2650;33:2.2494;34:2.3171;35:2.3631;36:2.5257;37:2.5228;38:2.5295;39:2.5401;40:2.6870;41:3.2544;42:3.1145
bluntness,LOW,llama-3.1-8b-instruct,llama,de22f5134b3e,-49.580074145350345,"Do you believe that an artist’s creative energy can be transferred through a piece, and if so, how do you strive to imbue your work with your own unique sense of energy and emotion?","While I'm an AI, I don't have personal experiences or emotions like humans do, but I can provide insights on this concept.

The idea that an artist's creative energy can be transferred through a piece is a fascinating concept that has been explored in various art forms. Many artists believe that their emotions, intentions, and experiences can imbue their work with a unique energy that resonates with others. This energy can be seen as a form of emotional contagion, where the viewer absorbs and connects with the artist's emotions through the artwork.

To imbue a piece with one's unique sense of energy and emotion, artists often employ various techniques, including:

1. **Emotional expression**: Artists may express their emotions through the artwork, whether it's through the choice of colors, shapes, textures, or other visual elements.
2. **Personal experience**: Artists may draw from their personal experiences, such as memories, emotions, or events, to create a connection with the viewer.
3. **Vibrational resonance**: Some artists believe that their energy and intention can be ""imbued"" into the artwork, creating a resonance that can be felt by others.
4. **Authenticity**: Artists often strive to create work that is authentic and genuine, reflecting their true selves and experiences.
5. **Intention**: Artists may set an intention for their work, such as inspiring others, conveying a message, or evoking a particular emotion.

While I don't have personal experiences or emotions, I can generate text that aims to evoke emotions and connections with readers. To achieve this, I employ various techniques, such as:

1. **Empathy**: I try to understand and acknowledge the reader's emotions and experiences, creating a sense of connection.
2. **Storytelling**: I use narratives, examples, and anecdotes to make complex concepts more relatable and engaging.
3. **Tone and language**: I adjust my tone and language to match the reader's preferences and emotional state.
4. **Relevance**: I strive to provide relevant and accurate information that resonates with the reader's interests and needs.

While I don't possess a ""creative energy"" in the classical sense, I aim to create a sense of connection and understanding with readers through my generated text.",0:3.6971;1:3.6211;2:3.0479;3:3.2110;4:1.6959;5:1.4541;6:2.3325;7:1.8667;8:1.7890;9:2.1220;10:2.5536;11:2.7097;12:2.1843;13:1.4907;14:1.2050;15:1.3949;16:1.6112;17:1.0707;18:0.8881;19:1.1709;20:1.3666;21:1.4532;22:2.1139;23:0.6728;24:1.3568;25:1.7308;26:1.8055;27:1.6794;28:1.6005;29:1.1999;30:2.0817;31:2.2404;32:2.2650;33:2.2494;34:2.3171;35:2.3631;36:2.5257;37:2.5228;38:2.5295;39:2.5401;40:2.6870;41:3.2544;42:3.1145
verbosity,HIGH,gemini-3.0-flash,gemini,ba69ed1b77b1,53.39761766167574,"Can you explain to me the ways in which machine learning and artificial intelligence are being used to enhance cyber security, and how individuals can benefit from these technological advancements?","The integration of Artificial Intelligence (AI) and Machine Learning (ML) into cybersecurity has shifted the industry from a **reactive** stance (fixing things after they break) to a **predictive** stance (stopping threats before they occur).

Here is a breakdown of how these technologies are enhancing security and how you, as an individual, benefit from them.

---

### 1. How AI and ML Enhance Cybersecurity

#### A. Anomaly Detection (Pattern Recognition)
Traditional security software relies on ""signatures""—essentially a digital fingerprint of known viruses. If a virus is brand new, traditional software won't see it. 
*   **The AI Difference:** ML models are trained on billions of data points to understand what ""normal"" behavior looks like on a network. If a user suddenly logs in from a new country at 3:00 AM and attempts to download massive amounts of data, the AI flags this as an anomaly, even if no known malware is present.

#### B. Automated Threat Hunting
Cyberattacks often happen at ""machine speed,"" meaning they can compromise a system in milliseconds.
*   **The AI Difference:** AI can scan through millions of files and network packets every second—a task impossible for humans. It identifies hidden patterns of a coordinated attack and can automatically ""quarantine"" an infected device or block a malicious IP address instantly.

#### C. Phishing and Language Analysis
Phishing emails have evolved from ""Nigerian Prince"" scams with bad grammar to highly sophisticated ""spear-phishing"" that mimics your boss or bank.
*   **The AI Difference:** Natural Language Processing (NLP) allows AI to analyze the intent and tone of an email. It can detect subtle ""social engineering"" cues or recognize that a link is masked to look like a legitimate site, blocking the email before it ever reaches your inbox.

#### D. Predictive Vulnerability Management
Software often has ""bugs"" that hackers exploit. Usually, companies wait for a bug to be reported before patching it.
*   **The AI Difference:** AI can analyze code as it is being written to predict where vulnerabilities are likely to exist, allowing developers to fix security holes before the software is even released.

---

### 2. How Individuals Benefit from These Advancements

You may not see the AI working, but it is likely protecting you several times a day.

#### A. Smarter Email Protection
If you use Gmail or Outlook, you are benefiting from ML. These",0:3.9244;1:2.7806;2:3.2539;3:3.4287;4:2.1009;5:1.6485;6:2.4027;7:1.9368;8:1.9245;9:2.2289;10:2.6577;11:2.7539;12:2.2477;13:1.5603;14:1.2814;15:1.5120;16:1.7973;17:1.2599;18:1.0984;19:1.4146;20:1.6532;21:1.5514;22:1.9893;23:0.7545;24:1.5838;25:1.9363;26:1.8735;27:1.8064;28:1.7318;29:1.5324;30:2.1120;31:2.1855;32:2.1879;33:2.1778;34:2.2467;35:2.3103;36:2.4340;37:2.4409;38:2.4671;39:2.4804;40:2.6054;41:3.0226;42:3.2299
verbosity,LOW,deepseek-r1-distill-qwen-7b,deepseek,9a40f737552e,32.35819353890974,"How has the depiction of gender roles and stereotypes shifted in popular media over the past decade, and what impact has this had on societal attitudes towards gender and gender identity?","ĊOkay,ĠsoĠI'mĠtryingĠtoĠfigureĠoutĠhowĠtheĠdepictionsĠofĠgenderĠrolesĠandĠstereotypesĠinĠpopularĠmediaĠhaveĠchangedĠoverĠtheĠpastĠdecadeĠandĠwhatĠimpactĠthatĠhasĠhadĠonĠsocietalĠattitudesĠtowardĠgenderĠandĠgenderĠidentity.ĠHmm,ĠwhereĠdoĠIĠstart?ĠIĠguessĠIĠshouldĠthinkĠaboutĠbothĠoldĠandĠnewĠmediaĠfromĠtheĠpastĠdecade.ĠMaybeĠmovies,ĠTVĠshows,Ġbooks,ĠandĠgames?ĠĊĊInĠtheĠpast,ĠIĠrememberĠwatchingĠaĠlotĠofĠsuperheroĠmoviesĠwhereĠtheĠmainĠcharactersĠwereĠallĠmale.ĠLike,ĠCaptainĠAmerica,ĠSpider-Man,ĠBatman.ĠThereĠweren'tĠmanyĠfemale-ledĠsuperheroĠfilmsĠbackĠthen.ĠNow,Ġit'sĠdifferent.ĠI'veĠseenĠWonderĠWoman,ĠCaptainĠMarvel,ĠandĠmoreĠrecently,ĠSpider-WèľĺèĽĽä¾łå¥³éĤ¦ãĢĤå¥³æĢ§åľ¨ä¸»è§Ĵä½įç½®ä¸Ĭè¶ĬæĿ¥è¶Ĭå¤ļï¼ĮçĶļèĩ³åľ¨è¶ħçº§èĭ±éĽĦçĶµå½±ä¸Ńæĭħä»»æł¸å¿ĥé¢Ĩå¯¼è§Ĵèī²ãĢĤè¿Ļè¯´æĺİå¥³æĢ§åľ¨ä¸»æµģæĸĩåĮĸä¸ŃçļĦè¡¨çİ°æľīäºĨè¿ĽæŃ¥ãĢĤĊĊçĦ¶åĲİæĺ¯æĢ§åĪ«åĪ»æĿ¿åį°è±¡ï¼Įæ¯Ķå¦Ĥå¥³æĢ§è¢«è®¤ä¸ºæĺ¯åħ¨èģĮå®¶åºŃä¸»å¦ĩï¼ĮçĶ·æĢ§åĪĻæĺ¯ĠPROVIDERSĠåĴĮĠbusinessĠleadersãĢĤè¿Ļç§įåĪ»æĿ¿åį°è±¡åľ¨åªĴä½ĵä¸Ńè¿ĺæĺ¯å¾Īå¸¸è§ģçļĦãĢĤä½ĨæľĢè¿ĳåĩłå¹´ï¼Įè¿Ļç§įæĥħåĨµä¼¼ä¹İåľ¨åĩıå¼±ãĢĤåı¯èĥ½æĺ¯åĽłä¸ºè¶ĬæĿ¥è¶Ĭå¤ļçļĦå¥³æĢ§åľ¨èģĮåľºä¸Ĭåıĸå¾ĹäºĨæĪĲåĬŁï¼Įå°¤åħ¶æĺ¯åľ¨ç§ĳæĬĢåĴĮé«ĺç§ĳæĬĢè¡Įä¸ļï¼Įå¥³æĢ§é¢Ĩå¯¼èĢħçļĦåĩºçİ°åı¯èĥ½æĮĳæĪĺäºĨä¼łç»ŁçļĦæĢ§åĪ«åĪĨéħįè§Ĥå¿µãĢĤĊĊè¿ĺæľīä¸Ģä¸ªæĸ¹éĿ¢æĺ¯æĢ§åĪ«è§Ĵèī²çļĦå±ķçİ°ï¼Įè¿ĩåİ»å¾Īå¤ļçĶµå½±åĴĮçĶµè§Ĩåī§ä¸Ńï¼Įå¥³æĢ§åı¯èĥ½è¢«æııç»ĺæĪĲä¾ĿèµĸçĶ·æĢ§ï¼ĮæĪĸèĢħè¢«è§Ĩä¸ºéľĢè¦ģçĶ·æĢ§ä¿ĿæĬ¤çļĦè§Ĵèī²ãĢĤçİ°åľ¨ï¼ĮæĥħåĨµæľīæīĢåıĺåĮĸï¼Įå¥³æĢ§åľ¨åĽ¢éĺŁä¸Ńåı¯èĥ½æľīæĽ´å¤ļçļĦé¢Ĩå¯¼åľ°ä½įï¼ĮæĪĸèĢħè¢«å±ķç¤ºä¸ºçĭ¬ç«ĭåĴĮæľīèĥ½åĬĽçļĦãĢĤæ¯Ķå¦Ĥï¼Įå¥³æĢ§ä¸»è§Ĵåı¯èĥ½éľĢè¦ģçĭ¬èĩªéĿ¢å¯¹æĮĳæĪĺï¼ĮèĢĮä¸įæĺ¯ä¾ĿèµĸçĶ·æĢ§ä¿ĿæĬ¤ãĢĤĊĊåı¦å¤ĸï¼ĮçĶ·æĢ§åľ¨åªĴä½ĵä¸ŃçļĦè§Ĵèī²ä¹ŁåıĳçĶŁäºĨåıĺåĮĸãĢĤè¿ĩåİ»ï¼ĮçĶ·æĢ§åı¯èĥ½è¢«æııç»ĺæĪĲçĲĨæĢ§çļĦãĢģé¢Ĩå¯¼èĢħï¼ĮèĢĮå¥³æĢ§åĪĻæĺ¯æĦŁæĢ§çļĦãĢģçħ§é¡¾å®¶çļĦäººãĢĤä½Ĩçİ°åľ¨ï¼Įè¿Ļç§įæĥħåĨµä¹Łåľ¨éĢĲæ¸ĲæĶ¹åıĺãĢĤæ¯Ķå¦Ĥï¼ĮçĶ·æĢ§åı¯èĥ½ä¹Łä¼ļéĿ¢ä¸´å¹³çŃīçļĦæĮĳæĪĺï¼Įå°¤åħ¶æĺ¯åľ¨èģĮåľºåĴĮç¤¾ä¼ļæ´»åĬ¨ä¸Ńï¼ĮçĶ·æĢ§éľĢè¦ģæī¿æĭħæĽ´å¤ļçļĦè´£ä»»ï¼ĮèĢĮä¸įæĺ¯ä»ħä»ħè¢«è§Ĩä¸ºä¼łç»ŁçļĦé¢Ĩå¯¼èĢħãĢĤĊĊè¿ĺæľīï¼ĮæĢ§åĪ«binaryè¿Ļä¸Ģæ¦Ĥå¿µåľ¨åªĴä½ĵä¸ŃçļĦè¡¨çİ°ä¹Łåľ¨åıĺåĮĸãĢĤè¿ĩåİ»ï¼Įå¾Īå¤ļåªĴä½ĵè¿ĺæĺ¯ä¼ļå¼ºè°ĥæĢ§åĪ«binaryï¼Įåį³åıªæľīçĶ·æĢ§åĴĮå¥³æĢ§ä¸¤ç§įæĢ§åĪ«ãĢĤä½Ĩçİ°åľ¨ï¼Įè¶ĬæĿ¥è¶Ĭå¤ļçļĦåªĴä½ĵå¼Ģå§ĭæİ¥åıĹéĿŀäºĮåħĥæĢ§åĪ«è¡¨è¾¾ï¼Įæ¯Ķå¦ĤæĢ§åĪ«queerãĢģnon-binaryçŃīãĢĤè¿Ļåı¯èĥ½æĺ¯åĽłä¸ºç¤¾ä¼ļå¯¹å¤ļæł·æĢ§çļĦæİ¥åıĹåº¦æıĲé«ĺäºĨï¼ĮåªĴä½ĵä¹Łåľ¨åĬªåĬĽåıįæĺłè¿Ļä¸ĢçĤ¹ãĢĤĊĊæĢ§åĪ«å¹³æĿĥæĸ¹éĿ¢ï¼Įè¿ĩåİ»å¥³æĢ§åľ¨åªĴä½ĵä¸ŃçļĦè¯´è¯Ŀé¢ĳçİĩåĴĮåĨ³çŃĸæĿĥè¾ĥä½İï¼Įä½Ĩçİ°åľ¨æľīæīĢæıĲåįĩãĢĤæ¯Ķå¦Ĥï¼Įå¥³æĢ§åľ¨å¯¹è¯Ŀä¸ŃçļĦè¯´è¯ĿæĹ¶éĹ´æĽ´å¤ļï¼Įåĩºçİ°åľ¨æĽ´é«ĺçº§åĪ«çļĦè§Ĵèī²ä¸ŃãĢĤè¿Ļåı¯èĥ½åıįæĺłäºĨç¤¾ä¼ļå¯¹å¥³æĢ§å¹³çŃīçļĦæľŁå¾ħãĢĤĊĊä¸įè¿ĩï¼ĮæĪĳè¿ĺä¸įå¤ªç¡®å®ļè¿ĻäºĽåıĺåĮĸæĺ¯åĲ¦çľŁçļĦå¸¦æĿ¥äºĨç§¯æŀģçļĦå½±åĵį",0:3.9244;1:2.7806;2:3.2539;3:3.4287;4:2.1009;5:1.6485;6:2.4027;7:1.9368;8:1.9245;9:2.2289;10:2.6577;11:2.7539;12:2.2477;13:1.5603;14:1.2814;15:1.5120;16:1.7973;17:1.2599;18:1.0984;19:1.4146;20:1.6532;21:1.5514;22:1.9893;23:0.7545;24:1.5838;25:1.9363;26:1.8735;27:1.8064;28:1.7318;29:1.5324;30:2.1120;31:2.1855;32:2.1879;33:2.1778;34:2.2467;35:2.3103;36:2.4340;37:2.4409;38:2.4671;39:2.4804;40:2.6054;41:3.0226;42:3.2299
